<?xml version="1.0" encoding="UTF-8" standalone="yes"?>
<addon id="repository.fhw" name="Howie's repository" version="1.0.0" provider-name="howie-f">
    <extension point="xbmc.addon.repository" name="Howie's repository">
        <dir>
            <info compressed="false">https://raw.githubusercontent.com/howie-f/repository.fhw/master/repo/zips/addons.xml</info>
            <checksum>https://raw.githubusercontent.com/howie-f/repository.fhw/master/repo/zips/addons.xml.md5</checksum>
            <datadir zip="true">https://raw.githubusercontent.com/howie-f/repository.fhw/master/repo/zips/</datadir>
        </dir>
        <dir minversion="20.9.1">
            <info compressed="false">https://raw.githubusercontent.com/howie-f/repository.fhw/master/omega/zips/addons.xml</info>
            <checksum>https://raw.githubusercontent.com/howie-f/repository.fhw/master/omega/zips/addons.xml.md5</checksum>
            <datadir zip="true">https://raw.githubusercontent.com/howie-f/repository.fhw/master/omega/zips/</datadir>
        </dir>
    </extension>
    <extension point="xbmc.addon.metadata">
        <summary>just some skins and their dependencies maybe</summary>
        <description></description>
        <disclaimer></disclaimer>
        <platform>all</platform>
        <assets>
            <icon>icon.png</icon>
            <fanart>fanart.jpg</fanart>
        </assets>
    </extension>
</addon>
