<?xml version="1.0" encoding="UTF-8"?>
<window>
    <defaultcontrol always="true">312</defaultcontrol>
    <onunload condition="String.IsEmpty(Window(virtualkeyboard).Property(Clear))">ClearProperty(HomeSearch,home)</onunload>
    <onunload>ClearProperty(Clear,virtualkeyboard)</onunload>
    <zorder>3</zorder>
    <controls>
        <include>FadeBackgroundButtonMenu</include>
        <control type="group">
            <animation type="WindowOpen" condition="Window.IsVisible(ProfileSettings) | Window.IsVisible(mediasource) | Window.IsVisible(networksetup) | Window.IsVisible(addonsettings) | Window.IsVisible(contextmenu) | Window.IsVisible(smartplaylisteditor) | Window.IsVisible(script-RSS_Editor-rssEditor.xml) | Window.IsVisible(script-RSS_Editor-setEditor.xml) | Window.IsVisible(progressdialog) | Window.IsVisible(3003) | Window.IsVisible(peripheralsettings) | Window.IsVisible(selectdialog) | Window.IsVisible(DialogSelect.xml) | Window.IsVisible(mediafilter) | Window.IsVisible(pvrgroupmanager) | Window.IsVisible(pvrtimersetting) | Window.IsVisible(pvrguidesearch) | Window.IsVisible(pvrchannelmanager)" reversible="false">
                <effect type="fade" start="0" end="100" time="0" delay="300" />
            </animation>
            <animation type="WindowOpen" condition="!String.IsEmpty(Window(Home).Property(HomeSearch))" reversible="false">
                <effect type="fade" start="0" end="100" time="0" delay="500" />
            </animation>
            <include condition="Window.IsActive(fullscreenvideo) | Window.IsActive(visualisation) | Window.IsActive(splash)">FadeBackgroundDialog</include>

            <control type="group">
                <description>Search Bar</description>
                <visible>!Window.IsVisible(numericinput)</visible>
                <animation effect="slide" end="0,-100" time="300" condition="Integer.IsGreater(Container(9010).NumItems,0)">conditional</animation>
                <include>KeyboardAnimations</include>
                <posx>335</posx>
                <posy>200</posy>
                <control type="edit" id="312">
                    <description>Edit Text</description>
                    <posx>118</posx>
                    <posy>0</posy>
                    <width>1000</width>
                    <font>Font-Condensed-S45</font>
                    <align>center</align>
                    <aligny>top</aligny>
                    <textcolor>eewhite</textcolor>
                    <onup>300</onup>
                    <ondown condition="Integer.IsGreater(Container(9010).NumItems,0)">9010</ondown>
                    <ondown condition="Integer.IsEqual(Container(9010).NumItems,0)">320</ondown>
                </control>
                <control type="image">
                    <posx>265</posx>
                    <posy>4</posy>
                    <width>705</width>
                    <height>60</height>
                    <texture>dialogs/default/separator.png</texture>
                </control>
                <control type="label" id="311">
                    <description>Dialog Header</description>
                    <visible>Integer.IsEqual(Container(9010).NumItems,0)</visible>
                    <posx>118</posx>
                    <posy>76</posy>
                    <width>1000</width>
                    <height>22</height>
                    <font>Font-Condensed-S34</font>
                    <align>center</align>
                    <textcolor>77FFFFFF</textcolor>
                </control>
            </control>

            <control type="group">
                <description>Auto Completion</description>
                <visible>$EXP[KeyboardHasAutoCompletion] + !Control.IsVisible(313) + !Window.IsVisible(numericinput)</visible>
                <animation effect="slide" start="0,300" end="0" time="300" condition="Integer.IsGreater(Container(9010).NumItems,0)">conditional</animation>
                <include>KeyboardAnimations</include>
                <posx>335</posx>
                <posy>80</posy>
                <control type="list" id="9010">
                    <top>100</top>
                    <left>0</left>
                    <width>1235</width>
                    <height>300</height>
                    <scrolltime tween="cubic" easing="out">500</scrolltime>
                    <orientation>vertical</orientation>
                    <onleft>9010</onleft>
                    <onright>9010</onright>
                    <onup>312</onup>
                    <ondown>105</ondown>
                    <itemlayout width="1000" height="50">
                        <control type="label">
                            <textoffsetx>30</textoffsetx>
                            <top>0</top>
                            <width>1235</width>
                            <height>50</height>
                            <label>$INFO[ListItem.Label]</label>
                            <font>Font-Condensed-S28</font>
                            <textcolor>grey</textcolor>
                            <align>center</align>
                            <aligny>center</aligny>
                        </control>
                    </itemlayout>
                    <focusedlayout width="1000" height="50">
                        <control type="group">
                            <control type="label">
                                <visible>Control.HasFocus(9010)</visible>
                                <textoffsetx>30</textoffsetx>
                                <top>0</top>
                                <width>1235</width>
                                <height>50</height>
                                <label>$INFO[ListItem.Label]</label>
                                <font>Font-Condensed-S28-B</font>
                                <align>center</align>
                                <aligny>center</aligny>
                            </control>
                            <control type="label">
                                <visible>!Control.HasFocus(9010)</visible>
                                <textoffsetx>30</textoffsetx>
                                <top>0</top>
                                <width>1235</width>
                                <height>50</height>
                                <label>$INFO[ListItem.Label]</label>
                                <font>Font-Condensed-S28</font>
                                <textcolor>grey</textcolor>
                                <align>center</align>
                                <aligny>center</aligny>
                            </control>
                        </control>
                    </focusedlayout>
                    <content>$VAR[KeyboardAutoCompletionContent]</content>
                </control>
            </control>

            <control type="group">
                <description>Chinese Additional</description>
                <posx>335</posx>
                <posy>94</posy>
                <visible>Control.IsVisible(313)</visible>
                <include>KeyboardAnimations</include>
                <control type="label" id="313">
                    <description>HZCODE label</description>
                    <posx>118</posx>
                    <posy>-30</posy>
                    <width>1000</width>
                    <height>22</height>
                    <font>Font-Condensed-S45</font>
                    <align>center</align>
                    <textcolor>77FFFFFF</textcolor>
                </control>
                <control type="label" id="314">
                    <description>HZLIST label</description>
                    <posx>0</posx>
                    <posy>40</posy>
                    <width>1235</width>
                    <height>22</height>
                    <font>Font-Condensed-S30</font>
                    <align>center</align>
                    <aligny>center</aligny>
                    <textcolor>77FFFFFF</textcolor>
                </control>
            </control>

            <control type="group">
                <description>On-Screen Keyboard</description>
                <visible>!Window.IsVisible(numericinput)</visible>
                <animation effect="slide" end="0,90" time="300" condition="Integer.IsGreater(Container(9010).NumItems,0)">conditional</animation>
                <posx>335</posx>
                <posy>304</posy>
                <include>KeyboardAnimations</include>
                <control type="image">
                    <posx>578</posx>
                    <posy>0</posy>
                    <width>80</width>
                    <height>60</height>
                    <texture>dialogs/default/arrow.png</texture>
                </control>
                <control type="image">
                    <description>image</description>
                    <posx>0</posx>
                    <posy>18</posy>
                    <width>1235</width>
                    <height>474</height>
                    <texture border="39">dialogs/default/bg.png</texture>
                    <aspectratio>stretch</aspectratio>
                </control>

                <!-- First Row -->
                <control type="group" id="320">
                    <posx>32</posx>
                    <posy>50</posy>
                    <control type="button" id="307">
                        <description>:IP: button</description>
                        <posx>0</posx>
                        <onleft>111</onleft>
                        <onright>100</onright>
                        <onup condition="Control.IsVisible(9010)">SetFocus(9010,4)</onup>
                        <onup condition="!Control.IsVisible(9010)">312</onup>
                        <ondown>304</ondown>
                        <label>$LOCALIZE[150]</label>
                        <include>BigKey</include>
                    </control>
                    <control type="button" id="100">
                        <description>:0,0: button</description>
                        <posx>190</posx>
                        <onright>101</onright>
                        <onup condition="Control.IsVisible(9010)">SetFocus(9010,4)</onup>
                        <onup condition="!Control.IsVisible(9010)">312</onup>
                        <ondown>120</ondown>
                        <onleft>307</onleft>
                        <include>SmallKey</include>
                    </control>
                    <control type="button" id="101">
                        <description>:0,1: button</description>
                        <posx>271</posx>
                        <onleft>100</onleft>
                        <onright>102</onright>
                        <onup condition="Control.IsVisible(9010)">SetFocus(9010,4)</onup>
                        <onup condition="!Control.IsVisible(9010)">312</onup>
                        <ondown>121</ondown>
                        <include>SmallKey</include>
                    </control>
                    <control type="button" id="102">
                        <description>:0,2: button</description>
                        <posx>352</posx>
                        <onleft>101</onleft>
                        <onright>103</onright>
                        <onup condition="Control.IsVisible(9010)">SetFocus(9010,4)</onup>
                        <onup condition="!Control.IsVisible(9010)">312</onup>
                        <ondown>122</ondown>
                        <include>SmallKey</include>
                    </control>
                    <control type="button" id="103">
                        <description>:0,3: button</description>
                        <posx>433</posx>
                        <onleft>102</onleft>
                        <onright>104</onright>
                        <onup condition="Control.IsVisible(9010)">SetFocus(9010,4)</onup>
                        <onup condition="!Control.IsVisible(9010)">312</onup>
                        <ondown>123</ondown>
                        <include>SmallKey</include>
                    </control>
                    <control type="button" id="104">
                        <description>:0,4: button</description>
                        <posx>514</posx>
                        <onleft>103</onleft>
                        <onright>105</onright>
                        <onup condition="Control.IsVisible(9010)">SetFocus(9010,4)</onup>
                        <onup condition="!Control.IsVisible(9010)">312</onup>
                        <ondown>124</ondown>
                        <include>SmallKey</include>
                    </control>
                    <control type="button" id="105">
                        <description>:0,5: button</description>
                        <posx>595</posx>
                        <onleft>104</onleft>
                        <onright>106</onright>
                        <onup condition="Control.IsVisible(9010)">SetFocus(9010,4)</onup>
                        <onup condition="!Control.IsVisible(9010)">312</onup>
                        <ondown>125</ondown>
                        <include>SmallKey</include>
                    </control>
                    <control type="button" id="106">
                        <description>:0,6: button</description>
                        <posx>676</posx>
                        <onleft>105</onleft>
                        <onright>107</onright>
                        <onup condition="Control.IsVisible(9010)">SetFocus(9010,4)</onup>
                        <onup condition="!Control.IsVisible(9010)">312</onup>
                        <ondown>126</ondown>
                        <include>SmallKey</include>
                    </control>
                    <control type="button" id="107">
                        <description>:0,7: button</description>
                        <posx>757</posx>
                        <onleft>106</onleft>
                        <onright>108</onright>
                        <onup condition="Control.IsVisible(9010)">SetFocus(9010,4)</onup>
                        <onup condition="!Control.IsVisible(9010)">312</onup>
                        <ondown>127</ondown>
                        <include>SmallKey</include>
                    </control>
                    <control type="button" id="108">
                        <description>:0,8: button</description>
                        <posx>838</posx>
                        <onleft>107</onleft>
                        <onright>109</onright>
                        <onup condition="Control.IsVisible(9010)">SetFocus(9010,4)</onup>
                        <onup condition="!Control.IsVisible(9010)">312</onup>
                        <ondown>128</ondown>
                        <include>SmallKey</include>
                    </control>
                    <control type="button" id="109">
                        <description>:0,9: button</description>
                        <posx>919</posx>
                        <onleft>108</onleft>
                        <onright>110</onright>
                        <onup condition="Control.IsVisible(9010)">SetFocus(9010,4)</onup>
                        <onup condition="!Control.IsVisible(9010)">312</onup>
                        <ondown>129</ondown>
                        <include>SmallKey</include>
                    </control>
                    <control type="button" id="110">
                        <description>:0,10: button</description>
                        <posx>1000</posx>
                        <onleft>109</onleft>
                        <onright>111</onright>
                        <onup condition="Control.IsVisible(9010)">SetFocus(9010,4)</onup>
                        <onup condition="!Control.IsVisible(9010)">312</onup>
                        <ondown>130</ondown>
                        <include>SmallKey</include>
                    </control>
                    <control type="button" id="111">
                        <description>:0,11: button</description>
                        <posx>1081</posx>
                        <onleft>110</onleft>
                        <onright>307</onright>
                        <onup condition="Control.IsVisible(9010)">SetFocus(9010,4)</onup>
                        <onup condition="!Control.IsVisible(9010)">312</onup>
                        <ondown>131</ondown>
                        <include>SmallKey</include>
                    </control>
                </control>

                <!-- Second Row -->
                <control type="group" id="330">
                    <posx>32</posx>
                    <posy>130</posy>
                    <control type="radiobutton" id="304">
                        <description>Symbols button</description>
                        <posx>0</posx>
                        <onleft>131</onleft>
                        <onright>120</onright>
                        <onup>307</onup>
                        <ondown>303</ondown>
                        <label>$LOCALIZE[20180]</label>
                        <include>BigKey</include>
                        <radioposx>15</radioposx>
                        <radioposy>15</radioposy>
                        <radiowidth>28</radiowidth>
                        <radioheight>28</radioheight>
                        <textureradioon>dialogs/keyboard/radio-on.png</textureradioon>
                        <textureradiooff>dialogs/keyboard/radio-off.png</textureradiooff>
                    </control>
                    <control type="button" id="120">
                        <description>:1,0: button</description>
                        <posx>190</posx>
                        <onleft>304</onleft>
                        <onright>121</onright>
                        <onup>100</onup>
                        <ondown>140</ondown>
                        <include>SmallKey</include>
                    </control>
                    <control type="button" id="121">
                        <description>:1,1: button</description>
                        <posx>271</posx>
                        <onleft>120</onleft>
                        <onright>122</onright>
                        <onup>101</onup>
                        <ondown>141</ondown>
                        <include>SmallKey</include>
                    </control>
                    <control type="button" id="122">
                        <description>:1,2: button</description>
                        <posx>352</posx>
                        <onleft>121</onleft>
                        <onright>123</onright>
                        <onup>102</onup>
                        <ondown>142</ondown>
                        <include>SmallKey</include>
                    </control>
                    <control type="button" id="123">
                        <description>:1,3: button</description>
                        <posx>433</posx>
                        <onleft>122</onleft>
                        <onright>124</onright>
                        <onup>103</onup>
                        <ondown>143</ondown>
                        <include>SmallKey</include>
                    </control>
                    <control type="button" id="124">
                        <description>:1,4: button</description>
                        <posx>514</posx>
                        <onleft>123</onleft>
                        <onright>125</onright>
                        <onup>104</onup>
                        <ondown>144</ondown>
                        <include>SmallKey</include>
                    </control>
                    <control type="button" id="125">
                        <description>:1,5: button</description>
                        <posx>595</posx>
                        <onleft>124</onleft>
                        <onright>126</onright>
                        <onup>105</onup>
                        <ondown>145</ondown>
                        <include>SmallKey</include>
                    </control>
                    <control type="button" id="126">
                        <description>:1,6: button</description>
                        <posx>676</posx>
                        <onleft>125</onleft>
                        <onright>127</onright>
                        <onup>106</onup>
                        <ondown>146</ondown>
                        <include>SmallKey</include>
                    </control>
                    <control type="button" id="127">
                        <description>:1,7: button</description>
                        <posx>757</posx>
                        <onleft>126</onleft>
                        <onright>128</onright>
                        <onup>107</onup>
                        <ondown>147</ondown>
                        <include>SmallKey</include>
                    </control>
                    <control type="button" id="128">
                        <description>:1,8: button</description>
                        <posx>838</posx>
                        <onleft>127</onleft>
                        <onright>129</onright>
                        <onup>108</onup>
                        <ondown>148</ondown>
                        <include>SmallKey</include>
                    </control>
                    <control type="button" id="129">
                        <description>:1,9: button</description>
                        <posx>919</posx>
                        <onleft>128</onleft>
                        <onright>130</onright>
                        <onup>109</onup>
                        <ondown>149</ondown>
                        <include>SmallKey</include>
                    </control>
                    <control type="button" id="130">
                        <description>:1,10: button</description>
                        <posx>1000</posx>
                        <onleft>129</onleft>
                        <onright>131</onright>
                        <onup>110</onup>
                        <ondown>150</ondown>
                        <include>SmallKey</include>
                    </control>
                    <control type="button" id="131">
                        <description>:1,11: button</description>
                        <posx>1081</posx>
                        <onleft>130</onleft>
                        <onright>304</onright>
                        <onup>111</onup>
                        <ondown>151</ondown>
                        <include>SmallKey</include>
                    </control>
                </control>
                <!-- Third Row -->
                <control type="group" id="340">
                    <posx>32</posx>
                    <posy>210</posy>
                    <control type="radiobutton" id="303">
                        <description>Caps lock</description>
                        <posx>0</posx>
                        <onleft>151</onleft>
                        <onright>140</onright>
                        <onup>304</onup>
                        <ondown>302</ondown>
                        <include>CapsKey</include>
                        <radioposx>15</radioposx>
                        <radioposy>15</radioposy>
                        <radiowidth>28</radiowidth>
                        <radioheight>28</radioheight>
                        <textureradioon>dialogs/keyboard/radio-on.png</textureradioon>
                        <textureradiooff>dialogs/keyboard/radio-off.png</textureradiooff>
                    </control>
                    <control type="button" id="140">
                        <description>:2,0: button</description>
                        <posx>190</posx>
                        <onleft>303</onleft>
                        <onright>141</onright>
                        <onup>120</onup>
                        <ondown>160</ondown>
                        <include>SmallKey</include>
                    </control>
                    <control type="button" id="141">
                        <description>:2,1: button</description>
                        <posx>271</posx>
                        <onleft>140</onleft>
                        <onright>142</onright>
                        <onup>121</onup>
                        <ondown>161</ondown>
                        <include>SmallKey</include>
                    </control>
                    <control type="button" id="142">
                        <description>:2,2: button</description>
                        <posx>352</posx>
                        <onleft>141</onleft>
                        <onright>143</onright>
                        <onup>122</onup>
                        <ondown>162</ondown>
                        <include>SmallKey</include>
                    </control>
                    <control type="button" id="143">
                        <description>:2,3: button</description>
                        <posx>433</posx>
                        <onleft>142</onleft>
                        <onright>144</onright>
                        <onup>123</onup>
                        <ondown>163</ondown>
                        <include>SmallKey</include>
                    </control>
                    <control type="button" id="144">
                        <description>:2,4: button</description>
                        <posx>514</posx>
                        <onleft>143</onleft>
                        <onright>145</onright>
                        <onup>124</onup>
                        <ondown>164</ondown>
                        <include>SmallKey</include>
                    </control>
                    <control type="button" id="145">
                        <description>:2,5: button</description>
                        <posx>595</posx>
                        <onleft>144</onleft>
                        <onright>146</onright>
                        <onup>125</onup>
                        <ondown>165</ondown>
                        <include>SmallKey</include>
                    </control>
                    <control type="button" id="146">
                        <description>:2,6: button</description>
                        <posx>676</posx>
                        <onleft>145</onleft>
                        <onright>147</onright>
                        <onup>126</onup>
                        <ondown>166</ondown>
                        <include>SmallKey</include>
                    </control>
                    <control type="button" id="147">
                        <description>:2,7: button</description>
                        <posx>757</posx>
                        <onleft>146</onleft>
                        <onright>148</onright>
                        <onup>127</onup>
                        <ondown>167</ondown>
                        <include>SmallKey</include>
                    </control>
                    <control type="button" id="148">
                        <description>:2,8: button</description>
                        <posx>838</posx>
                        <onleft>147</onleft>
                        <onright>149</onright>
                        <onup>128</onup>
                        <ondown>168</ondown>
                        <include>SmallKey</include>
                    </control>
                    <control type="button" id="149">
                        <description>:2,9: button</description>
                        <posx>919</posx>
                        <onleft>148</onleft>
                        <onright>150</onright>
                        <onup>129</onup>
                        <ondown>169</ondown>
                        <include>SmallKey</include>
                    </control>
                    <control type="button" id="150">
                        <description>:2,10: button</description>
                        <posx>1000</posx>
                        <onleft>149</onleft>
                        <onright>151</onright>
                        <onup>130</onup>
                        <ondown>170</ondown>
                        <include>SmallKey</include>
                    </control>
                    <control type="button" id="151">
                        <description>:2,11: button</description>
                        <posx>1081</posx>
                        <onleft>150</onleft>
                        <onright>303</onright>
                        <onup>131</onup>
                        <ondown>171</ondown>
                        <include>SmallKey</include>
                    </control>
                </control>

                <!-- Fourth Row -->
                <control type="group" id="350">
                    <posx>32</posx>
                    <posy>290</posy>
                    <control type="radiobutton" id="302">
                        <description>:Shift: button</description>
                        <posx>0</posx>
                        <onleft>171</onleft>
                        <onright>160</onright>
                        <onup>303</onup>
                        <ondown>309</ondown>
                        <include>ShiftKey</include>
                        <radioposx>15</radioposx>
                        <radioposy>15</radioposy>
                        <radiowidth>28</radiowidth>
                        <radioheight>28</radioheight>
                        <textureradioon>dialogs/keyboard/radio-on.png</textureradioon>
                        <textureradiooff>dialogs/keyboard/radio-off.png</textureradiooff>
                    </control>

                    <control type="button" id="160">
                        <description>:4,0: button</description>
                        <posx>190</posx>
                        <onleft>302</onleft>
                        <onright>161</onright>
                        <onup>140</onup>
                        <ondown>305</ondown>
                        <include>SmallKey</include>
                    </control>
                    <control type="button" id="161">
                        <description>:4,1: button</description>
                        <posx>271</posx>
                        <onleft>160</onleft>
                        <onright>162</onright>
                        <onup>141</onup>
                        <ondown>306</ondown>
                        <include>SmallKey</include>
                    </control>
                    <control type="button" id="162">
                        <description>:4,2: button</description>
                        <posx>352</posx>
                        <onleft>161</onleft>
                        <onright>163</onright>
                        <onup>142</onup>
                        <ondown>32</ondown>
                        <include>SmallKey</include>
                    </control>
                    <control type="button" id="163">
                        <description>:4,3: button</description>
                        <posx>433</posx>
                        <onleft>162</onleft>
                        <onright>164</onright>
                        <onup>143</onup>
                        <ondown>32</ondown>
                        <include>SmallKey</include>
                    </control>
                    <control type="button" id="164">
                        <description>:4,4: button</description>
                        <posx>514</posx>
                        <onleft>163</onleft>
                        <onright>165</onright>
                        <onup>144</onup>
                        <ondown>32</ondown>
                        <include>SmallKey</include>
                    </control>
                    <control type="button" id="165">
                        <description>:4,5: button</description>
                        <posx>595</posx>
                        <onleft>164</onleft>
                        <onright>166</onright>
                        <onup>145</onup>
                        <ondown>32</ondown>
                        <include>SmallKey</include>
                    </control>
                    <control type="button" id="166">
                        <description>:4,6: button</description>
                        <posx>676</posx>
                        <onleft>165</onleft>
                        <onright>167</onright>
                        <onup>146</onup>
                        <ondown>32</ondown>
                        <include>SmallKey</include>
                    </control>
                    <control type="button" id="167">
                        <description>:4,7: button</description>
                        <posx>757</posx>
                        <onleft>166</onleft>
                        <onright>168</onright>
                        <onup>147</onup>
                        <ondown>32</ondown>
                        <include>SmallKey</include>
                    </control>
                    <control type="button" id="168">
                        <description>:4,8: button</description>
                        <posx>838</posx>
                        <onleft>167</onleft>
                        <onright>169</onright>
                        <onup>148</onup>
                        <ondown>32</ondown>
                        <include>SmallKey</include>
                    </control>
                    <control type="button" id="169">
                        <description>:4,9: button</description>
                        <posx>919</posx>
                        <onleft>168</onleft>
                        <onright>170</onright>
                        <onup>149</onup>
                        <ondown>8</ondown>
                        <include>SmallKey</include>
                    </control>
                    <control type="button" id="170">
                        <description>:4,10: button</description>
                        <posx>1000</posx>
                        <onleft>169</onleft>
                        <onright>171</onright>
                        <onup>150</onup>
                        <ondown>8</ondown>
                        <include>SmallKey</include>
                    </control>
                    <control type="button" id="171">
                        <description>:4,11: button</description>
                        <posx>1081</posx>
                        <onleft>170</onleft>
                        <onright>302</onright>
                        <onup>151</onup>
                        <ondown>8</ondown>
                        <include>SmallKey</include>
                    </control>
                </control>

                <!-- Fifth Row -->
                <control type="group" id="360">
                    <posx>32</posx>
                    <posy>370</posy>
                    <control type="button" id="309">
                        <description>Layout button</description>
                        <posx>0</posx>
                        <onleft>8</onleft>
                        <onright>305</onright>
                        <onup>302</onup>
                        <ondown>9001</ondown>
                        <include>BigKeyLang</include>
                    </control>
                    <control type="button" id="305">
                        <description>:move left: button</description>
                        <posx>190</posx>
                        <onleft>309</onleft>
                        <onright>306</onright>
                        <onup>160</onup>
                        <ondown>9001</ondown>
                        <textoffsety>15</textoffsety>
                        <include>MediumKeyLarr</include>
                    </control>
                    <control type="button" id="306">
                        <description>:move right: button</description>
                        <posx>271</posx>
                        <onleft>305</onleft>
                        <onright>32</onright>
                        <onup>161</onup>
                        <ondown>9001</ondown>
                        <textoffsety>15</textoffsety>
                        <include>MediumKeyRarr</include>
                    </control>
                    <control type="button" id="32">
                        <description>:space: button</description>
                        <posx>352</posx>
                        <onleft>306</onleft>
                        <onright>8</onright>
                        <onup>164</onup>
                        <ondown>9001</ondown>
                        <include>SpaceBar</include>
                    </control>
                    <control type="button" id="8">
                        <description>:DEL: button</description>
                        <posx>917</posx>
                        <onleft>32</onleft>
                        <onright>309</onright>
                        <onup>169</onup>
                        <ondown>9001</ondown>
                        <include>BackSpace</include>
                    </control>
                </control>
                <control type="group" id="9001">
                    <posx>30</posx>
                    <posy>458</posy>
                    <control type="button" id="300">
                        <description>Done</description>
                        <label>$LOCALIZE[20177]</label>
                        <texturefocus>buttons/select-fo.png</texturefocus>
                        <texturenofocus>buttons/select-nf.png</texturenofocus>
                        <include>DialogButtonDimensions</include>
                        <onleft>301</onleft>
                        <onright>301</onright>
                        <onup>360</onup>
                        <ondown>312</ondown>
                        <onclick>SetProperty(Clear,1)</onclick>
                        <onclick condition="!String.IsEmpty(Window(Home).Property(actor.search))">RunScript(script.metadata.actors,$INFO[Control.GetLabel(310)])</onclick>
                        <animation effect="fade" start="100" end="75" time="0" condition="!Control.IsEnabled(300)">Conditional</animation>
                    </control>
                    <control type="button" id="301">
                        <posx>200</posx>
                        <description>Cancel</description>
                        <label>$LOCALIZE[31922]</label>
                        <texturefocus>buttons/cancel-fo.png</texturefocus>
                        <texturenofocus>buttons/cancel-nf.png</texturenofocus>
                        <include>DialogButtonDimensions</include>
                        <onleft>300</onleft>
                        <onright>300</onright>
                        <onup>360</onup>
                        <ondown>312</ondown>
                        <animation effect="fade" start="100" end="75" time="0" condition="!Control.IsEnabled(301)">Conditional</animation>
                    </control>
                </control>
            </control>
        </control>
    </controls>
</window>