<?xml version="1.0" encoding="UTF-8"?>
<window type="buttonMenu">
    <defaultcontrol always="true">9000</defaultcontrol>
    <zorder>3</zorder>
    <onload>Dialog.Close(contextmenu)</onload>
    <coordinates>
        <system>1</system>
        <posx>0</posx>
        <posy>0</posy>
    </coordinates>
    <controls>
        <include>FadeBackgroundButtonMenu</include>
        <control type="group">
            <include>OpenButtonMenuAnimation</include>
            <posx>0</posx>
            <posy>517</posy>
            <control type="image">
                <description>shadow image</description>
                <posx>63</posx>
                <posy>510</posy>
                <height>60</height>
                <width>442</width>
                <texture>dialogs/shutdown/shadow.png</texture>
                <aspectratio>stretch</aspectratio>
            </control>
            <control type="image">
                <description>background image</description>
                <posx>63</posx>
                <posy>0</posy>
                <height>540</height>
                <width>442</width>
                <texture>dialogs/shutdown/shutdown.png</texture>
                <aspectratio>stretch</aspectratio>
            </control>
            <control type="grouplist" id="9000">
                <posx>82</posx>
                <posy>47</posy>
                <width>404</width>
                <height>399</height>
                <itemgap>0</itemgap>
                <align>center</align>
                <orientation>Vertical</orientation>
                <onleft>9000</onleft>
                <onright>9000</onright>
                <onup>9000</onup>
                <ondown>9000</ondown>
                <control type="togglebutton" id="1">
                    <description>Master mode button</description>
                    <include>optionsbuttonsdimensions</include>
                    <label>$LOCALIZE[31360]</label>
                    <altlabel>$LOCALIZE[31361]</altlabel>
                    <onclick>mastermode</onclick>
                    <usealttexture>System.IsMaster</usealttexture>
                    <texturefocus border="70,2,2,2">dialogs/options/buttons/lock-fo.png</texturefocus>
                    <texturenofocus border="70,2,2,2">dialogs/options/buttons/lock-nf.png</texturenofocus>
                    <alttexturefocus border="70,2,2,2">dialogs/options/buttons/nolock-fo.png</alttexturefocus>
                    <alttexturenofocus border="70,2,2,2">dialogs/options/buttons/nolock-nf.png</alttexturenofocus>
                    <visible>System.HasLocks + System.Loggedon</visible>
                </control>
                <control type="button" id="5">
                    <description>Quit XBMC button</description>
                    <include>optionsbuttonsdimensions</include>
                    <label>$LOCALIZE[13012]</label>
                    <onclick>Quit()</onclick>
                    <texturefocus border="70,2,2,2">dialogs/options/buttons/quit-fo.png</texturefocus>
                    <texturenofocus border="70,2,2,2">dialogs/options/buttons/quit-nf.png</texturenofocus>
                    <visible>System.ShowExitButton</visible>
                </control>
                <control type="button" id="6">
                    <description>Restart PC button</description>
                    <include>optionsbuttonsdimensions</include>
                    <label>$LOCALIZE[13013]</label>
                    <onclick>Reset()</onclick>
                    <texturefocus border="70,2,2,2">dialogs/options/buttons/reboot-fo.png</texturefocus>
                    <texturenofocus border="70,2,2,2">dialogs/options/buttons/reboot-nf.png</texturenofocus>
                    <visible>System.CanReboot</visible>
                </control>
                <control type="group" id="7">
                    <height>57</height>
                    <defaultcontrol always="true">30</defaultcontrol>
                    <visible>System.CanPowerDown | System.CanSuspend | System.CanHibernate</visible>
                    <control type="button" id="30">
                        <description>Powerdown button</description>
                        <include>optionsbuttonsdimensions</include>
                        <label>$LOCALIZE[13016]</label>
                        <onclick condition="System.CanPowerDown">Powerdown()</onclick>
                        <onclick condition="!System.CanPowerDown">Shutdown()</onclick>
                        <onleft>32</onleft>
                        <onright>31</onright>
                        <onup>6</onup>
                        <ondown>8</ondown>
                        <texturefocus border="70,2,2,2">dialogs/options/buttons/shutdown-fo.png</texturefocus>
                        <texturenofocus border="70,2,2,2">dialogs/options/buttons/shutdown-nf.png</texturenofocus>
                        <visible allowhiddenfocus="true">![Control.HasFocus(31) | Control.HasFocus(32)]</visible>
                    </control>
                    <control type="button" id="31">
                        <description>Custom Shutdown button</description>
                        <include>optionsbuttonsdimensions</include>
                        <label>20150</label>
                        <onclick>AlarmClock(shutdowntimer,Shutdown())</onclick>
                        <onleft>30</onleft>
                        <onright>32</onright>
                        <onup>6</onup>
                        <ondown>8</ondown>
                        <texturefocus border="70,2,2,2">dialogs/options/buttons/shutdown-fo.png</texturefocus>
                        <visible allowhiddenfocus="true">Control.HasFocus(31)</visible>
                    </control>
                    <control type="button" id="32">
                        <description>Cancel Shutdown button</description>
                        <include>optionsbuttonsdimensions</include>
                        <label>20151</label>
                        <onclick>CancelAlarm(shutdowntimer)</onclick>
                        <onleft>31</onleft>
                        <onright>30</onright>
                        <onup>6</onup>
                        <ondown>8</ondown>
                        <texturefocus border="70,2,2,2">dialogs/options/buttons/shutdown-fo.png</texturefocus>
                        <visible allowhiddenfocus="true">Control.HasFocus(32)</visible>
                        <enable>System.HasAlarm(shutdowntimer)</enable>
                    </control>
                    <!-- Arrows -->
                    <control type="image">
                        <posx>0</posx>
                        <posy>14</posy>
                        <width>30</width>
                        <height>30</height>
                        <texture>dialogs/options/left.png</texture>
                        <animation type="Conditional" condition="ControlGroup(7).HasFocus()" pulse="true">
                            <effect type="fade" start="0" end="80" time="700" tween="sine" easing="inout" />
                            <effect type="slide" start="-35" end="-30" tween="sine" easing="inout" time="700" />
                        </animation>
                        <visible>ControlGroup(7).HasFocus()</visible>
                    </control>
                    <control type="image">
                        <posx>370</posx>
                        <posy>14</posy>
                        <width>30</width>
                        <height>30</height>
                        <texture>dialogs/options/right.png</texture>
                        <animation type="Conditional" condition="ControlGroup(7).HasFocus()" pulse="true">
                            <effect type="fade" start="0" end="80" time="700" tween="sine" easing="inout" />
                            <effect type="slide" start="40" end="35" tween="sine" easing="inout" time="700" />
                        </animation>
                        <visible>ControlGroup(7).HasFocus()</visible>
                    </control>
                </control>
                <control type="button" id="8">
                    <description>Suspend Computer button</description>
                    <include>optionsbuttonsdimensions</include>
                    <label>$LOCALIZE[13011]</label>
                    <onclick>Suspend()</onclick>
                    <texturefocus border="70,2,2,2">dialogs/options/buttons/sushib-fo.png</texturefocus>
                    <texturenofocus border="70,2,2,2">dialogs/options/buttons/sushib-nf.png</texturenofocus>
                    <visible>System.CanSuspend</visible>
                </control>
                <control type="button" id="9">
                    <description>Hibernate Computer button</description>
                    <include>optionsbuttonsdimensions</include>
                    <label>$LOCALIZE[13010]</label>
                    <onclick>Hibernate()</onclick>
                    <texturefocus border="70,2,2,2">dialogs/options/buttons/sushib-fo.png</texturefocus>
                    <texturenofocus border="70,2,2,2">dialogs/options/buttons/sushib-nf.png</texturenofocus>
                    <visible>System.CanHibernate</visible>
                </control>
                <control type="button" id="10">
                    <description>Eject button</description>
                    <include>optionsbuttonsdimensions</include>
                    <label>$LOCALIZE[13391]</label>
                    <onclick>EjectTray</onclick>
                    <texturefocus border="70,2,2,2">dialogs/options/buttons/eject-fo.png</texturefocus>
                    <texturenofocus border="70,2,2,2">dialogs/options/buttons/eject-nf.png</texturenofocus>
                    <visible>System.Loggedon</visible>
                </control>
                <control type="button" id="11">
                    <description>Profile Log Off button (German)</description>
                    <include>optionsbuttonsdimensions</include>
                    <label>$INFO[system.profilename] $LOCALIZE[31351]</label>
                    <onclick>dialog.close(all,true)</onclick>
                    <onclick>system.logoff</onclick>
                    <texturefocus border="70,2,2,2">dialogs/options/buttons/logout-fo.png</texturefocus>
                    <texturenofocus border="70,2,2,2">dialogs/options/buttons/logout-nf.png</texturenofocus>
                    <visible>[System.HasLoginScreen | Integer.IsGreater(System.ProfileCount,1)] + System.Loggedon + String.IsEqual(System.Language,German)</visible>
                </control>
                <control type="button" id="12">
                    <description>Profile Log Off button (Other Languages)</description>
                    <include>optionsbuttonsdimensions</include>
                    <label>$LOCALIZE[31351] $INFO[system.profilename]</label>
                    <onclick>dialog.close(all,true)</onclick>
                    <onclick>system.logoff</onclick>
                    <texturefocus border="70,2,2,2">dialogs/options/buttons/logout-fo.png</texturefocus>
                    <texturenofocus border="70,2,2,2">dialogs/options/buttons/logout-nf.png</texturenofocus>
                    <visible>[System.HasLoginScreen | Integer.IsGreater(System.ProfileCount,1)] + System.Loggedon + !String.IsEqual(System.Language,German)</visible>
                </control>
                <control type="button" id="13">
                    <description>Inhibit idle shutdown</description>
                    <include>optionsbuttonsdimensions</include>
                    <label>$LOCALIZE[13017]</label>
                    <onclick>InhibitIdleShutdown(true)</onclick>
                    <texturefocus border="70,2,2,2">dialogs/options/buttons/shutdown-fo.png</texturefocus>
                    <texturenofocus border="70,2,2,2">dialogs/options/buttons/shutdown-nf.png</texturenofocus>
                    <visible>System.HasShutdown +!System.IsInhibit</visible>
                </control>
                <control type="button" id="14">
                    <description>Allow idle shutdown</description>
                    <include>optionsbuttonsdimensions</include>
                    <label>$LOCALIZE[13018]</label>
                    <onclick>InhibitIdleShutdown(false)</onclick>
                    <texturefocus border="70,2,2,2">dialogs/options/buttons/shutdown-fo.png</texturefocus>
                    <texturenofocus border="70,2,2,2">dialogs/options/buttons/shutdown-nf.png</texturenofocus>
                    <visible>System.HasShutdown + System.IsInhibit</visible>
                </control>
                <control type="button" id="141">
                    <description>System Info button</description>
                    <include>optionsbuttonsdimensions</include>
                    <label>$LOCALIZE[130]</label>
                    <onclick>Dialog.Close(all)</onclick>
                    <onclick>ActivateWindow(systeminfo)</onclick>
                    <texturefocus border="70,2,2,2">dialogs/options/buttons/info-fo.png</texturefocus>
                    <texturenofocus border="70,2,2,2">dialogs/options/buttons/info-nf.png</texturenofocus>
                    <visible>System.Loggedon</visible>
                </control>
                <control type="button" id="142">
                    <description>Event Log button</description>
                    <include>optionsbuttonsdimensions</include>
                    <label>$LOCALIZE[14111]</label>
                    <onclick>Dialog.Close(all)</onclick>
                    <onclick>ActivateWindow(EventLog,events://,return)</onclick>
                    <texturefocus border="70,2,2,2">dialogs/options/buttons/events-fo.png</texturefocus>
                    <texturenofocus border="70,2,2,2">dialogs/options/buttons/events-nf.png</texturenofocus>
                    <visible>System.Loggedon + System.GetBool(EventLog.Enabled)</visible>
                </control>
                <control type="button" id="143">
                    <description>FileManger button</description>
                    <include>optionsbuttonsdimensions</include>
                    <label>$LOCALIZE[7]</label>
                    <onclick>Dialog.Close(all)</onclick>
                    <onclick>ActivateWindow(filemanager)</onclick>
                    <texturefocus border="70,2,2,2">dialogs/options/buttons/files-fo.png</texturefocus>
                    <texturenofocus border="70,2,2,2">dialogs/options/buttons/files-nf.png</texturenofocus>
                    <visible>System.Loggedon</visible>
                </control>
                <control type="button" id="15">
                    <include>optionsbuttonsdimensions</include>
                    <label>$LOCALIZE[31352]</label>
                    <onclick>dialog.close(all,true)</onclick>
                    <onclick>ReloadSkin</onclick>
                    <onclick>Dialog.Close(111)</onclick>
                    <texturefocus border="70,2,2,2">dialogs/options/buttons/refresh-fo.png</texturefocus>
                    <texturenofocus border="70,2,2,2">dialogs/options/buttons/refresh-nf.png</texturenofocus>
                </control>
            </control>
            <control type="group">
                <control type="image">
                    <posx>72</posx>
                    <posy>433</posy>
                    <width>100</width>
                    <height>100</height>
                    <texture>buttons/shutdown_nofo.png</texture>
                </control>
                <control type="label">
                    <posx>157</posx>
                    <posy>433</posy>
                    <width>300</width>
                    <height>100</height>
                    <label>$LOCALIZE[31507]</label>
                    <font>Font-Condensed-S34-B</font>
                    <textcolor>eewhite</textcolor>
                    <shadowcolor>22000000</shadowcolor>
                </control>
            </control>
        </control>
    </controls>
</window>