<?xml version="1.0" encoding="UTF-8"?>
<includes>
    <expression name="HomeHideOnActiveDialog">!Window.IsActive(movieinformation) + !Window.IsActive(musicinformation) + !Window.IsActive(favourites) + !Window.IsActive(script-globalsearch.xml) + ![Window.IsVisible(virtualkeyboard) + !String.IsEmpty(Window.Property(HomeSearch))]</expression>

    <include name="FocusPosition">
        <focusposition>$PARAM[value]</focusposition>
    </include>

    <include name="FocusSettingsCategory">
        <onload>SetFocus(20,$INFO[Container(20).NumItems])</onload>
        <onload>SetFocus(825)</onload>
        <onload>SetFocus(801)</onload>
        <onload>ClearProperty(CategoryChanged,Home)</onload>
    </include>

    <include name="HomeWidgetContextMenuOverlay">
        <control type="image">
            <description>Context menu overlay</description>
            <posx>0</posx>
            <posy>0</posy>
            <width>$PARAM[width]</width>
            <height>$PARAM[height]</height>
            <texture border="1">windows/common/darkgrey.png</texture>
            <animation effect="fade" time="300" start="0" end="95" tween="sine" easing="out">Visible</animation>
            <animation effect="fade" time="300" start="95" end="0" tween="sine" easing="in">Hidden</animation>
            <visible>Control.HasFocus($PARAM[container]) + Window.IsActive(contextmenu)</visible>
        </control>
    </include>

    <include name="HomeWidgetActions">
        <!-- click triggers select -->
        <onclick>SetProperty(ContextMenuOpen,true)</onclick>
        <onclick>SetFocus($PARAM[container])</onclick>
        <onclick>Select</onclick>
        <onclick>ClearProperty(ContextMenuOpen)</onclick>
        <onclick>SetFocus($PARAM[button])</onclick>
        <!-- info triggers context menu -->
        <oninfo>SetProperty(ContextMenuOpen,true)</oninfo>
        <oninfo>SetFocus($PARAM[container])</oninfo>
        <oninfo>ContextMenu</oninfo>
        <oninfo>ClearProperty(ContextMenuOpen)</oninfo>
        <oninfo>SetFocus($PARAM[button])</oninfo>
    </include>

    <!-- Shutdown and favourites buttons -->
    <include name="HomeShutdownFavouritesButtons">
        <control type="group" id="80">
            <description>Home Buttons</description>
            <control type="button" id="21">
                <description>Shutdown Button</description>
                <posx>72</posx>
                <posy>955</posy>
                <width>100</width>
                <height>100</height>
                <onup condition="Container(20).HasFocus(1)">101</onup>
                <onup condition="Container(20).HasFocus(2)">501</onup>
                <onup condition="Container(20).HasFocus(3)">201</onup>
                <onup condition="Container(20).HasFocus(4)">301</onup>
                <onup condition="Container(20).HasFocus(5)">401</onup>
                <onup condition="Container(20).HasFocus(6)">601</onup>
                <onup condition="Container(20).HasFocus(7)">701</onup>
                <onup condition="Container(20).HasFocus(8)">801</onup>
                <onup condition="Container(20).HasFocus(9)">901</onup>
                <onup condition="Container(20).HasFocus(10)">1001</onup>
                <ondown condition="Container(20).HasFocus(1)">125</ondown>
                <ondown condition="Container(20).HasFocus(2)">525</ondown>
                <ondown condition="Container(20).HasFocus(3)">225</ondown>
                <ondown condition="Container(20).HasFocus(4)">325</ondown>
                <ondown condition="Container(20).HasFocus(5)">425</ondown>
                <ondown condition="Container(20).HasFocus(6)">625</ondown>
                <ondown condition="Container(20).HasFocus(7)">725</ondown>
                <ondown condition="Container(20).HasFocus(8)">825</ondown>
                <ondown condition="Container(20).HasFocus(9)">925</ondown>
                <ondown condition="Container(20).HasFocus(10)">1025</ondown>
                <onleft condition="!Skin.HasSetting(KioskMode)">22</onleft>
                <onleft condition="Skin.HasSetting(KioskMode)">21</onleft>
                <onright condition="!Skin.HasSetting(KioskMode)">22</onright>
                <onright condition="Skin.HasSetting(KioskMode)">21</onright>
                <texturefocus>buttons/shutdown_fo.png</texturefocus>
                <texturenofocus>buttons/shutdown_nofo.png</texturenofocus>
                <onclick>ActivateWindow(ShutdownMenu)</onclick>
                <include>Animation_ShutdownButton</include>
                <include>homebuttonsanim</include>
                <visible allowhiddenfocus="true">!Window.IsVisible(favourites) + !Window.IsVisible(script-globalsearch.xml) + !Window.IsVisible(virtualkeyboard) + String.IsEmpty(Window.Property(HomeSearch)) + !Window.IsVisible(playercontrols) + !Window.IsActive(movieinformation)</visible>
            </control>
            <control type="label">
                <description>Shutdown Label</description>
                <posx>157</posx>
                <posy>955</posy>
                <width>140</width>
                <height>100</height>
                <label>$LOCALIZE[31507]</label>
                <font>Font-Condensed-S34-B</font>
                <textcolor>eewhite</textcolor>
                <shadowcolor>22000000</shadowcolor>
                <scroll>false</scroll>
                <include>Animation_ShutdownButton</include>
                <include>homebuttonsanim2</include>
                <visible>!Window.IsVisible(favourites) + !Window.IsVisible(script-globalsearch.xml) + !Window.IsVisible(virtualkeyboard) + String.IsEmpty(Window.Property(HomeSearch)) + !Window.IsVisible(playercontrols) + !Window.IsActive(movieinformation)</visible>
            </control>
            <control type="button" id="22">
                <description>Favourites Button</description>
                <posx>277</posx>
                <posy>955</posy>
                <width>100</width>
                <height>100</height>
                <onup condition="Container(20).HasFocus(1)">101</onup>
                <onup condition="Container(20).HasFocus(2)">501</onup>
                <onup condition="Container(20).HasFocus(3)">201</onup>
                <onup condition="Container(20).HasFocus(4)">301</onup>
                <onup condition="Container(20).HasFocus(5)">401</onup>
                <onup condition="Container(20).HasFocus(6)">601</onup>
                <onup condition="Container(20).HasFocus(7)">701</onup>
                <onup condition="Container(20).HasFocus(8)">801</onup>
                <onup condition="Container(20).HasFocus(9)">901</onup>
                <onup condition="Container(20).HasFocus(10)">1001</onup>
                <ondown condition="Container(20).HasFocus(1)">125</ondown>
                <ondown condition="Container(20).HasFocus(2)">525</ondown>
                <ondown condition="Container(20).HasFocus(3)">225</ondown>
                <ondown condition="Container(20).HasFocus(4)">325</ondown>
                <ondown condition="Container(20).HasFocus(5)">425</ondown>
                <ondown condition="Container(20).HasFocus(6)">625</ondown>
                <ondown condition="Container(20).HasFocus(7)">725</ondown>
                <ondown condition="Container(20).HasFocus(8)">825</ondown>
                <ondown condition="Container(20).HasFocus(9)">925</ondown>
                <ondown condition="Container(20).HasFocus(10)">1025</ondown>
                <onleft>21</onleft>
                <onright>21</onright>
                <texturefocus>buttons/favourites_fo.png</texturefocus>
                <texturenofocus>buttons/favourites_nofo.png</texturenofocus>
                <onclick>ActivateWindow(Favourites)</onclick>
                <include>Animation_FavButton</include>
                <include>homebuttonsanim3</include>
                <visible>!Skin.HasSetting(KioskMode)</visible>
                <visible allowhiddenfocus="true">!Window.IsVisible(favourites) + !Window.IsVisible(script-globalsearch.xml) + !Window.IsVisible(virtualkeyboard) + String.IsEmpty(Window.Property(HomeSearch)) + !Window.IsVisible(playercontrols) + !Window.IsActive(movieinformation)</visible>
            </control>
            <control type="label">
                <description>Favourites Label</description>
                <posx>362</posx>
                <posy>955</posy>
                <width>180</width>
                <height>100</height>
                <label>$LOCALIZE[1036]</label>
                <font>Font-Condensed-S34-B</font>
                <textcolor>eewhite</textcolor>
                <shadowcolor>22000000</shadowcolor>
                <scroll>false</scroll>
                <include>Animation_FavButton</include>
                <include>homebuttonsanim4</include>
                <visible>!Skin.HasSetting(KioskMode)</visible>
                <visible>!Window.IsVisible(favourites) + !Window.IsVisible(script-globalsearch.xml) + !Window.IsVisible(virtualkeyboard) + String.IsEmpty(Window.Property(HomeSearch)) + !Window.IsVisible(playercontrols) + !Window.IsActive(movieinformation)</visible>
            </control>
        </control>
    </include>

    <include name="HomeLabel">
        <width min="0" max="500">auto</width>
        <height>100</height>
        <font>Font-Condensed-S49</font>
        <textcolor>bbwhite</textcolor>
        <focusedcolor>bbwhite</focusedcolor>
        <shadowcolor>77000000</shadowcolor>
        <align>left</align>
        <aligny>top</aligny>
    </include>

    <include name="HomeProfileInfoLabel">
        <posx>110</posx>
        <posy>46</posy>
        <width>600</width>
        <height>60</height>
        <font>Font-Condensed-S36</font>
        <textcolor>eewhite</textcolor>
        <scroll>false</scroll>
        <align>left</align>
        <animation type="Visible">
            <effect type="fade" start="0" end="100" time="250" delay="150" tween="sine" easing="inout" />
            <effect type="slide" start="0,55" end="0,0" time="500" tween="cubic" easing="inout" />
        </animation>
        <animation type="Hidden">
            <effect type="fade" start="100" end="0" time="250" tween="sine" easing="inout" />
            <effect type="slide" start="0,0" end="0,-55" time="500" tween="cubic" easing="inout" />
        </animation>
    </include>

    <variable name="HomePictureImageSingle">
        <value condition="String.IsEmpty(Skin.String(HomePicturesSingleImage))">$INFO[Skin.String(GlobalBackdropSingle)]</value>
        <value>$INFO[Skin.String(HomePicturesSingleImage)]</value>
    </variable>

    <variable name="HomePictureImageMulti">
        <value condition="String.IsEmpty(Skin.String(HomePicturesMultiImage))">$INFO[Skin.String(GlobalBackdropMulti)]</value>
        <value>$INFO[Skin.String(HomePicturesMultiImage)]</value>
    </variable>

    <variable name="HomeDVDLabel">
        <value condition="System.HasMediaDVD">$LOCALIZE[208]</value>
        <value>$LOCALIZE[31524]</value>
    </variable>

    <include name="HomeProfileInfo">
        <control type="group">
            <visible>$EXP[HomeHideOnActiveDialog]</visible>
            <posx>75</posx>
            <posy>24</posy>
            <include>BannerListInfoAnimation</include>
            <control type="group">
                <visible>!Skin.HasSetting(HideHomeProfileInfo)</visible>
                <animation type="Conditional" condition="System.HasMediaDVD">
                    <effect type="fade" start="100" end="8" tween="sine" easing="out" time="300" />
                    <effect type="zoom" start="100" end="50" center="125,80" tween="sine" easing="inout" time="300" />
                </animation>
                <control type="image">
                    <posx>25</posx>
                    <posy>46</posy>
                    <width>60</width>
                    <height>60</height>
                    <texture>$INFO[System.ProfileThumb]</texture>
                </control>
                <control type="image">
                    <posx>13</posx>
                    <posy>34</posy>
                    <width>84</width>
                    <height>84</height>
                    <texture>windows/home/ava-overlay.png</texture>
                </control>
                <control type="label">
                    <include>HomeProfileInfoLabel</include>
                    <label>[B]$INFO[System.ProfileName][/B]</label>
                    <visible>Container(30).HasFocus(1)</visible>
                </control>
                <control type="label">
                    <include>HomeProfileInfoLabel</include>
                    <label>$INFO[Window.Property(Movies.Count),, $LOCALIZE[342]]</label>
                    <visible>Container(30).HasFocus(2)</visible>
                </control>
                <control type="label">
                    <include>HomeProfileInfoLabel</include>
                    <label>$INFO[Window.Property(TVShows.Count),, $LOCALIZE[31446]]</label>
                    <!-- Delete the above line and replace it with the line below, if you want to add an episode count -->
                    <!-- <label>$INFO[Window.Property(TVShows.Count),, $LOCALIZE[31446]] • $INFO[Window.Property(Episodes.Count),, $LOCALIZE[20360]]</label> -->
                    <visible>Container(30).HasFocus(3)</visible>
                </control>
                <control type="label">
                    <include>HomeProfileInfoLabel</include>
                    <label>$INFO[Window.Property(Music.AlbumsCount),, $LOCALIZE[132]]</label>
                    <!-- Delete the above line and replace it with the line below, if you want to add a song count -->
                    <!-- <label>$INFO[Window.Property(Music.AlbumsCount),, $LOCALIZE[132]] • $INFO[Window.Property(Music.SongsCount),, $LOCALIZE[134]]</label> -->
                    <visible>Container(30).HasFocus(4)</visible>
                </control>

                <control type="wraplist" id="30">
                    <posx>0</posx>
                    <posy>0</posy>
                    <height>2</height>
                    <width>2</width>
                    <orientation>horizontal</orientation>
                    <focusposition>0</focusposition>
                    <scrolltime>0</scrolltime>
                    <viewtype>list</viewtype>
                    <itemlayout width="2" height="2"/>
                    <focusedlayout width="2" height="2"/>
                    <content>
                        <item id="1">
                            <label></label>
                        </item>
                        <item id="2">
                            <label></label>
                            <visible>!Skin.HasSetting(HomeMovies)</visible>
                        </item>
                        <item id="3">
                            <label></label>
                            <visible>!Skin.HasSetting(HomeTVShows)</visible>
                        </item>
                        <item id="4">
                            <label></label>
                            <visible>!Skin.HasSetting(HomeMusic)</visible>
                        </item>

                    </content>
                </control>
            </control>
            <control type="group">
                <visible>System.HasMediaDVD</visible>
                <animation type="Visible">
                    <effect type="fade" start="0" end="100" time="300" tween="sine" easing="in" />
                    <effect type="slide" start="0,-75" end="0,0" time="350" tween="sine" easing="out" />
                </animation>
                <animation type="Hidden">
                    <effect type="fade" start="100" end="0" time="250" tween="sine" easing="out" />
                    <effect type="slide" start="0,0" end="0,-75" time="300" tween="sine" easing="out" />
                </animation>
                <control type="image">
                    <posx>17</posx>
                    <posy>34</posy>
                    <width>85</width>
                    <height>85</height>
                    <texture>DefaultMediaDVD.png</texture>
                    <animation effect="rotate" center="auto" start="360" end="0" time="1000" loop="true" condition="System.HasMediaDVD">Conditional</animation>
                </control>
                <control type="label">
                    <posx>115</posx>
                    <posy>2</posy>
                    <width>1630</width>
                    <height>120</height>
                    <label>$INFO[System.DVDLabel]</label>
                    <font>Font-Condensed-S36-B</font>
                    <textcolor>C0FFFFFF</textcolor>
                    <scroll>false</scroll>
                    <align>left</align>
                    <animation effect="slide" end="0,14" time="300" tween="cubic" easing="inout" condition="!Container(20).HasFocus(2)">Conditional</animation>
                </control>
                <control type="label">
                    <posx>115</posx>
                    <posy>33</posy>
                    <width>1630</width>
                    <height>120</height>
                    <label>$LOCALIZE[31505]</label>
                    <font>Font-Condensed-S28</font>
                    <textcolor>80FFFFFF</textcolor>
                    <scroll>false</scroll>
                    <align>left</align>
                    <visible>Container(20).HasFocus(2)</visible>
                    <animation type="Visible">
                        <effect type="fade" start="0" end="100" time="300" tween="cubic" easing="inout" />
                        <effect type="slide" start="0,7" end="0,0" time="300" tween="cubic" easing="inout" />
                    </animation>
                    <animation type="Hidden">
                        <effect type="fade" start="100" end="0" time="300" tween="cubic" easing="inout" />
                        <effect type="slide" start="0,0" end="0,7" time="300" tween="cubic" easing="inout" />
                    </animation>
                </control>
            </control>
        </control>
    </include>

    <include name="HomeCategoryLabels">
        <control type="wraplist" id="20">
            <description>Category list</description>
            <posx>0</posx>
            <posy>0</posy>
            <height>2</height>
            <width>2</width>
            <onup>21</onup>
            <orientation>horizontal</orientation>
            <include content="FocusPosition" condition="Integer.IsEqual(Window.Property(HomeCategory),1)">
                <param name="value">0</param>
            </include>
            <include content="FocusPosition" condition="Integer.IsEqual(Window.Property(HomeCategory),2)">
                <param name="value">1</param>
            </include>
            <include content="FocusPosition" condition="Integer.IsEqual(Window.Property(HomeCategory),3)">
                <param name="value">2</param>
            </include>
            <include content="FocusPosition" condition="Integer.IsEqual(Window.Property(HomeCategory),4)">
                <param name="value">3</param>
            </include>
            <include content="FocusPosition" condition="Integer.IsEqual(Window.Property(HomeCategory),5)">
                <param name="value">4</param>
            </include>
            <include content="FocusPosition" condition="Integer.IsEqual(Window.Property(HomeCategory),6)">
                <param name="value">5</param>
            </include>
            <include content="FocusPosition" condition="Integer.IsEqual(Window.Property(HomeCategory),7)">
                <param name="value">6</param>
            </include>
            <include content="FocusPosition" condition="Integer.IsEqual(Window.Property(HomeCategory),8)">
                <param name="value">7</param>
            </include>
            <include content="FocusPosition" condition="Integer.IsEqual(Window.Property(HomeCategory),9)">
                <param name="value">8</param>
            </include>
            <include content="FocusPosition" condition="Integer.IsEqual(Window.Property(HomeCategory),10)">
                <param name="value">9</param>
            </include>
            <include content="FocusPosition" condition="String.IsEmpty(Window.Property(HomeCategory)) + !System.HasAddon(script.globalsearch)">
                <param name="value">0</param>
            </include>
            <include content="FocusPosition" condition="String.IsEmpty(Window.Property(HomeCategory)) + System.HasAddon(script.globalsearch)">
                <param name="value">1</param>
            </include>
            <scrolltime>0</scrolltime>
            <viewtype>list</viewtype>
            <itemlayout width="2" height="2"/>
            <focusedlayout width="2" height="2"/>
            <content>
                <item id="1">
                    <label>$LOCALIZE[137]</label>
                    <property name="search">1</property>
                    <visible>System.HasAddon(script.globalsearch)</visible>
                </item>
                <item id="2">
                    <label>$LOCALIZE[31524]</label>
                    <property name="single">$INFO[Skin.String(HomeHomeSingleImage)]</property>
                    <property name="multi">$INFO[Skin.String(HomeHomeMultiImage)]</property>
                    <property name="home">1</property>
                </item>
                <item id="9">
                    <label>$LOCALIZE[31220]</label>
                    <visible>!Skin.HasSetting(HomeTV)</visible>
                </item>
                <item id="3">
                    <label>$LOCALIZE[342]</label>
                    <property name="single">$INFO[Skin.String(HomeMoviesSingleImage)]</property>
                    <property name="multi">$INFO[Skin.String(HomeMoviesMultiImage)]</property>
                    <property name="movies">1</property>
                    <visible>!Skin.HasSetting(HomeMovies)</visible>
                </item>
                <item id="4">
                    <label>$LOCALIZE[31446]</label>
                    <property name="single">$INFO[Skin.String(HomeTVShowsSingleImage)]</property>
                    <property name="multi">$INFO[Skin.String(HomeTVShowsMultiImage)]</property>
                    <property name="tvshows">1</property>
                    <visible>!Skin.HasSetting(HomeTVShows)</visible>
                </item>
                <item id="5">
                    <label>$LOCALIZE[2]</label>
                    <property name="single">$INFO[Skin.String(HomeMusicSingleImage)]</property>
                    <property name="multi">$INFO[Skin.String(HomeMusicMultiImage)]</property>
                    <property name="music">1</property>
                    <visible>!Skin.HasSetting(HomeMusic)</visible>
                </item>
                <item id="10">
                    <label>$LOCALIZE[1]</label>
                    <property name="single">$INFO[Skin.String(HomePicturesSingleImage)]</property>
                    <visible>!Skin.HasSetting(HomePictures)</visible>
                </item>
                <item id="6">
                    <label>$LOCALIZE[31504]</label>
                    <property name="single">$INFO[Skin.String(HomeProgramsSingleImage)]</property>
                    <property name="multi">$INFO[Skin.String(HomeProgramsMultiImage)]</property>
                    <visible>!Skin.HasSetting(HomePrograms)</visible>
                </item>
                <item id="7">
                    <label>$LOCALIZE[8]</label>
                    <property name="single">$INFO[Skin.String(HomeWeatherSingleImage)]</property>
                    <property name="multi">$INFO[Skin.String(HomeWeatherMultiImage)]</property>
                    <visible>!Skin.HasSetting(HomeWeather)</visible>
                </item>
                <item id="8">
                    <label>$LOCALIZE[5]</label>
                    <property name="single">$INFO[Skin.String(HomeSettingsSingleImage)]</property>
                    <property name="multi">$INFO[Skin.String(HomeSettingsMultiImage)]</property>
                    <property name="settings">1</property>
                </item>
            </content>
        </control>
        <control type="grouplist">
            <description>Category labels</description>
            <animation type="WindowOpen">
                <effect type="fade" start="0" end="100" time="300" tween="sine" easing="in"  />
                <effect type="slide" start="0,-75" end="0,0" time="350" tween="cubic" easing="out" />
            </animation>
            <animation type="Visible">
                <effect type="fade" start="0" end="100" time="300" tween="sine" easing="in" delay="300" />
                <effect type="slide" start="0,-75" end="0,0" time="350" tween="sine" easing="out" delay="300" />
            </animation>
            <animation type="WindowClose">
                <effect type="fade" start="100" end="0" time="250" tween="sine" easing="out" />
                <effect type="slide" start="0,0" end="0,-75" time="300" tween="sine" easing="out" />
            </animation>
            <animation type="Hidden">
                <effect type="fade" start="100" end="0" time="250" tween="sine" easing="out" />
                <effect type="slide" start="0,0" end="0,-75" time="300" tween="sine" easing="out" />
            </animation>
            <animation type="Conditional" condition="!Window.IsActive(3020) + !Window.IsActive(3021) + !Window.IsActive(3022) + !Window.IsActive(3023)">
                <effect type="fade" start="0" end="100" tween="sine" easing="inout" time="200" />
                <effect type="zoom" start="100,229,1720,1" end="100,170,1720,70" tween="sine" easing="out" time="200" />
            </animation>
            <animation type="Conditional" condition="Window.IsActive(3020) | Window.IsActive(3021) | Window.IsActive(3022) | Window.IsActive(3023)">
                <effect type="fade" start="100" end="0" tween="sine" easing="inout" time="200" />
                <effect type="zoom" start="100,170,1720,70" end="100,229,1720,1" tween="sine" easing="out" time="200" />
            </animation>
            <posx>100</posx>
            <posy>170</posy>
            <width>1720</width>
            <height>70</height>
            <orientation>horizontal</orientation>
            <itemgap>45</itemgap>
            <align>center</align>
            <usecontrolcoords>true</usecontrolcoords>
            <visible>$EXP[HomeHideOnActiveDialog]</visible>
            <control type="image">
                <description>Search</description>
                <posx>0</posx>
                <posy>12</posy>
                <width>38</width>
                <height>38</height>
                <texture>windows/home/search.png</texture>
                <animation effect="fade" start="100" end="40" time="300" tween="cubic" easing="inout" condition="!Container(20).HasFocus(1)">Conditional</animation>
                <animation effect="zoom"  start="100" end="80" time="300" tween="cubic" easing="inout" center="19,50" condition="!Control.HasFocus(125)">Conditional</animation>
                <visible>System.HasAddon(script.globalsearch)</visible>
            </control>

            <control type="label">
                <description>Home</description>
                <include>HomeLabel</include>
                <label>$VAR[HomeDVDLabel]</label>
                <animation effect="fade" start="100" end="40" time="300" tween="cubic" easing="inout" condition="!Container(20).HasFocus(2)">Conditional</animation>
                <animation effect="zoom"  start="100" end="80" time="300" tween="cubic" easing="inout" center="auto" condition="!Control.HasFocus(525)">Conditional</animation>
            </control>

            <control type="group">
                <posx>0</posx>
                <posy>0</posy>
                <width>-50</width>
                <height>100</height>
                <animation effect="zoom"  start="100" end="80" time="300" tween="cubic" easing="inout" center="65,50" condition="!Control.HasFocus(925)">Conditional</animation>
                <visible>!Skin.HasSetting(HomeTV) + !Skin.HasSetting(HideHomeSubmenuArrow)</visible>
                <control type="image">
                    <posx>-25</posx>
                    <posy>13</posy>
                    <width>19</width>
                    <height>38</height>
                    <texture>windows/home/submenu-arrow.png</texture>
                    <include>visiblehidefadeinfo</include>
                    <animation effect="fade"  start="100" end="0" time="300" tween="cubic" easing="inout" center="65,50" condition="![Control.HasFocus(925) + Container(20).HasFocus(9)]">Conditional</animation>
                </control>
            </control>
            <control type="label">
                <description>Live TV</description>
                <include>HomeLabel</include>
                <label>$LOCALIZE[31220]</label>
                <animation effect="fade" start="100" end="40" time="300" tween="cubic" easing="inout" condition="!Container(20).HasFocus(9)">Conditional</animation>
                <animation effect="zoom"  start="100" end="80" time="300" tween="cubic" easing="inout" center="auto" condition="!Control.HasFocus(925)">Conditional</animation>
                <visible>!Skin.HasSetting(HomeTV)</visible>
            </control>

            <control type="group">
                <posx>0</posx>
                <posy>0</posy>
                <width>-50</width>
                <height>100</height>
                <animation effect="zoom"  start="100" end="80" time="300" tween="cubic" easing="inout" center="65,50" condition="!Control.HasFocus(225)">Conditional</animation>
                <visible>!Skin.HasSetting(HomeMovies) + !Skin.HasSetting(HideHomeSubmenuArrow)</visible>
                <control type="image">
                    <posx>-25</posx>
                    <posy>13</posy>
                    <width>19</width>
                    <height>38</height>
                    <texture>windows/home/submenu-arrow.png</texture>
                    <include>visiblehidefadeinfo</include>
                    <animation effect="fade"  start="100" end="0" time="300" tween="cubic" easing="inout" center="65,50" condition="![Control.HasFocus(225) + Container(20).HasFocus(3)]">Conditional</animation>
                </control>
            </control>
            <control type="label">
                <description>Movies</description>
                <include>HomeLabel</include>
                <label>$LOCALIZE[342]</label>
                <animation effect="fade" start="100" end="40" time="300" tween="cubic" easing="inout" condition="!Container(20).HasFocus(3)">Conditional</animation>
                <animation effect="zoom"  start="100" end="80" time="300" tween="cubic" easing="inout" center="auto" condition="!Control.HasFocus(225)">Conditional</animation>
                <visible>!Skin.HasSetting(HomeMovies)</visible>
            </control>

            <control type="group">
                <posx>0</posx>
                <posy>0</posy>
                <width>-50</width>
                <height>100</height>
                <animation effect="zoom"  start="100" end="80" time="300" tween="cubic" easing="inout" center="65,50" condition="!Control.HasFocus(325)">Conditional</animation>
                <visible>!Skin.HasSetting(HomeTVShows) + !Skin.HasSetting(HideHomeSubmenuArrow)</visible>
                <control type="image">
                    <posx>-25</posx>
                    <posy>13</posy>
                    <width>19</width>
                    <height>38</height>
                    <texture>windows/home/submenu-arrow.png</texture>
                    <animation effect="fade"  start="100" end="0" time="300" tween="cubic" easing="inout" center="65,50" condition="![Control.HasFocus(325) + Container(20).HasFocus(4)]">Conditional</animation>
                </control>
            </control>
            <control type="label">
                <description>TV Shows</description>
                <include>HomeLabel</include>
                <label>$LOCALIZE[31990]</label>
                <animation effect="fade" start="100" end="40" time="300" tween="cubic" easing="inout" condition="!Container(20).HasFocus(4)">Conditional</animation>
                <animation effect="zoom"  start="100" end="80" time="300" tween="cubic" easing="inout" center="auto" condition="!Control.HasFocus(325)">Conditional</animation>
                <visible>!Skin.HasSetting(HomeTVShows)</visible>
            </control>

            <control type="group">
                <posx>0</posx>
                <posy>0</posy>
                <width>-50</width>
                <height>100</height>
                <animation effect="zoom"  start="100" end="80" time="300" tween="cubic" easing="inout" center="65,50" condition="!Control.HasFocus(425)">Conditional</animation>
                <visible>!Skin.HasSetting(HomeMusic) + !Skin.HasSetting(HideHomeSubmenuArrow)</visible>
                <control type="image">
                    <posx>-25</posx>
                    <posy>13</posy>
                    <width>19</width>
                    <height>38</height>
                    <texture>windows/home/submenu-arrow.png</texture>
                    <animation effect="fade"  start="100" end="0" time="300" tween="cubic" easing="inout" center="65,50" condition="![Control.HasFocus(425) + Container(20).HasFocus(5)]">Conditional</animation>
                </control>
            </control>
            <control type="label">
                <description>Music</description>
                <include>HomeLabel</include>
                <label>$LOCALIZE[2]</label>
                <animation effect="fade" start="100" end="40" time="300" tween="cubic" easing="inout" condition="!Container(20).HasFocus(5)">Conditional</animation>
                <animation effect="zoom"  start="100" end="80" time="300" tween="cubic" easing="inout" center="auto" condition="!Control.HasFocus(425)">Conditional</animation>
                <visible>!Skin.HasSetting(HomeMusic)</visible>
            </control>

            <control type="label">
                <description>Pictures</description>
                <include>HomeLabel</include>
                <label>$LOCALIZE[1]</label>
                <animation effect="fade" start="100" end="40" time="300" tween="cubic" easing="inout" condition="!Container(20).HasFocus(10)">Conditional</animation>
                <animation effect="zoom" start="100" end="80" time="300" tween="cubic" easing="inout" center="auto" condition="!Control.HasFocus(1025)">Conditional</animation>
                <visible>!Skin.HasSetting(HomePictures)</visible>
            </control>

            <control type="label">
                <description>Applications</description>
                <include>HomeLabel</include>
                <label>$LOCALIZE[31504]</label>
                <animation effect="fade" start="100" end="40" time="300" tween="cubic" easing="inout" condition="!Container(20).HasFocus(6)">Conditional</animation>
                <animation effect="zoom"  start="100" end="80" time="150" tween="sine" easing="inout" center="auto" condition="!Control.HasFocus(625)">Conditional</animation>
                <visible>!Skin.HasSetting(HomePrograms)</visible>
            </control>

            <control type="label">
                <description>Weather</description>
                <include>HomeLabel</include>
                <label>$LOCALIZE[8]</label>
                <animation effect="fade" start="100" end="40" time="300" tween="cubic" easing="inout" condition="!Container(20).HasFocus(7)">Conditional</animation>
                <animation effect="zoom"  start="100" end="80" time="150" tween="sine" easing="inout" center="auto" condition="!Control.HasFocus(725)">Conditional</animation>
                <visible>!Skin.HasSetting(HomeWeather)</visible>
            </control>

            <control type="image">
                <description>Settings</description>
                <posx>0</posx>
                <posy>12</posy>
                <width>38</width>
                <height>38</height>
                <texture>windows/home/settings.png</texture>
                <animation effect="fade" start="100" end="40" time="300" tween="cubic" easing="inout" condition="!Container(20).HasFocus(8)">Conditional</animation>
                <animation effect="zoom"  start="100" end="80" time="300" tween="cubic" easing="inout" center="19,50" condition="!Control.HasFocus(825)">Conditional</animation>
            </control>
        </control>
    </include>
</includes>