<?xml version="1.0" encoding="UTF-8"?>
<window>
    <defaultcontrol always="true">10</defaultcontrol>
    <backgroundcolor>0</backgroundcolor>
    <include>HomeWidgets.Initialization</include>
    <onunload condition="String.IsEmpty(Window(startup).Property(Started))">SetProperty(Started,1)</onunload>
    <controls>
        <include>CommonSettingsItems</include>
        <include>CommonInfoNoOptions</include>
        <control type="button" id="10">
            <onfocus condition="!Skin.HasSetting(Skin.Initialization)">Skin.SetBool(Skin.Initialization)</onfocus>
            <onfocus condition="String.IsEmpty(Skin.String(GlobalBackdropSingle))">Skin.SetString(GlobalBackdropSingle,special://skin/extras/backgrounds/01.jpg)</onfocus>
            <onfocus condition="String.IsEmpty(Skin.String(GlobalOverlay))">Skin.SetString(GlobalOverlay,special://skin/extras/fade/overlay.png)</onfocus>
            <onfocus condition="String.IsEmpty(Window(startup).Property(Started)) + Skin.HasSetting(StartupPlaylist)">PlayMedia($ESCINFO[Skin.String(StartupPlaylist.Path)])</onfocus>
            <onfocus condition="System.HasAddon(script.extendedinfo) + String.IsEmpty(Window(startup).Property(Started))">SetProperty(extendedinfo_running,True,home)</onfocus>
            <onfocus condition="String.IsEmpty(Window(startup).Property(Started)) + String.IsEmpty(Window(startup).Property(Skin.Initialization))">ReplaceWindow($INFO[System.StartupWindow])</onfocus>
            <onfocus condition="!String.IsEmpty(Window(startup).Property(Skin.Initialization))">SetFocus(11)</onfocus>
        </control>
        <control type="button" id="11">
            <onfocus>ClearProperty(Skin.Initialization)</onfocus>
            <onfocus>ReplaceWindow(Home)</onfocus>
            <animation effect="fade" start="0" end="100" time="0" delay="3000">Focus</animation>
        </control>
        <control type="group" id="12">
            <visible>!String.IsEmpty(Window(startup).Property(Skin.Initialization))</visible>
            <animation effect="fade" start="0" end="100" time="300" tween="sine" easing="inout">WindowOpen</animation>
            <include>visiblehidefadeinfo</include>
            <control type="image">
                <description>Loading Back</description>
                <posx>886</posx>
                <posy>466</posy>
                <width>148</width>
                <height>148</height>
                <texture>windows/home/loading-back.png</texture>
            </control>
            <control type="image">
                <description>Loading</description>
                <posx>886</posx>
                <posy>466</posy>
                <width>148</width>
                <height>148</height>
                <texture>windows/home/loading.png</texture>
                <animation effect="rotate" center="auto" start="360" end="0" time="1500" loop="true" condition="Control.IsVisible(12)">Conditional</animation>
            </control>
            <control type="label">
                <description>Loading label</description>
                <posx>660</posx>
                <posy>635</posy>
                <height>64</height>
                <width>600</width>
                <font>Font-Condensed-S36-B</font>
                <align>center</align>
                <aligny>center</aligny>
                <textcolor>99FFFFFF</textcolor>
                <label>$LOCALIZE[31601]...</label>
                <scroll>false</scroll>
            </control>
        </control>
    </controls>
</window>